{"cameraMode":{"drawMode":0,"name":"Shaded","section":"Shading Mode"},"sceneLighting":true,"audioPlay":false,"sceneViewState":{"showFog":true,"showMaterialUpdate":false,"showSkybox":true,"showFlares":true,"showImageEffects":true,"showParticleSystems":true},"in2DMode":false,"pivot":{"x":0.3280251622200012,"y":0.6907070279121399,"z":0.05355525016784668},"rotation":{"x":-0.20745696127414704,"y":-0.10920914262533188,"z":0.023312469944357873,"w":-0.9718495607376099},"size":4.546109199523926,"orthographic":false}